{"cameraMode":{"drawMode":0,"name":"Shaded","section":"Shading Mode"},"sceneLighting":false,"audioPlay":false,"sceneViewState":{"showFog":false,"showMaterialUpdate":false,"showSkybox":false,"showFlares":false,"showImageEffects":false,"showParticleSystems":false},"in2DMode":false,"pivot":{"x":-1.1699999570846558,"y":0.8299999237060547,"z":0.8700000047683716},"rotation":{"x":0.07208814471960068,"y":-0.48285841941833498,"z":0.03992653265595436,"w":0.8718130588531494},"size":0.4330126941204071,"orthographic":false}