{"cameraMode":{"drawMode":0,"name":"Shaded","section":"Shading Mode"},"sceneLighting":true,"audioPlay":false,"sceneViewState":{"showFog":false,"showMaterialUpdate":false,"showSkybox":false,"showFlares":false,"showImageEffects":false,"showParticleSystems":false},"in2DMode":false,"pivot":{"x":-0.700884997844696,"y":2.103203535079956,"z":0.8580719232559204},"rotation":{"x":0.1928788274526596,"y":-0.008244522847235203,"z":0.0016062076902016998,"w":0.9811972379684448},"size":1.9792592525482178,"orthographic":false}